area_sqft,bedrooms,bathrooms,year_built,location,floor_number,has_parking,has_gym,price
1124.0,1.0,3.0,1999.0,Vikhroli,11,0,0,23872759.0
965.0,2.0,2.0,2000.0,Andheri,12,0,0,25062372.0
,4.0,2.0,2000.0,Dadar,12,1,0,32366719.0
1381.0,2.0,2.0,2010.0,Bandra,3,1,1,
941.0,3.0,1.0,2010.0,Bandra,7,0,1,27471907.0
941.0,3.0,2.0,2011.0,Andheri,14,0,1,23867899.0
,1.0,3.0,1996.0,Dadar,11,1,0,29809140.0
1192.0,1.0,1.0,2006.0,Bandra,7,1,1,31002254.0
883.0,2.0,2.0,1991.0,Chembur,10,0,0,20092396.0
1136.0,2.0,3.0,2001.0,Borivali,11,0,1,26299838.0
884.0,3.0,,2007.0,Borivali,15,1,0,25513040.0
884.0,3.0,1.0,2000.0,Bandra,19,1,0,30195433.0
1060.0,2.0,1.0,,Mulund,16,1,1,25156209.0
522.0,1.0,1.0,2007.0,Bandra,20,1,0,20064206.0
569.0,3.0,2.0,2015.0,Vikhroli,12,0,0,17589586.0
859.0,2.0,,,Vikhroli,18,0,1,20415226.0
747.0,3.0,1.0,1995.0,Dadar,13,0,1,20778204.0
1079.0,2.0,3.0,2001.0,Kurla,5,1,1,28242481.0
773.0,2.0,2.0,2002.0,Chembur,4,1,0,22714670.0
647.0,1.0,1.0,1993.0,Andheri,14,0,0,16168596.0
1366.0,2.0,2.0,1991.0,Bandra,8,1,0,34664714.0
944.0,2.0,2.0,2015.0,Chembur,9,0,0,21531506.0
1017.0,,1.0,2016.0,Andheri,19,1,0,26702814.0
644.0,1.0,1.0,2016.0,Vikhroli,3,1,0,15547530.0
864.0,3.0,3.0,2004.0,Ghatkopar,5,0,0,22001398.0
1028.0,3.0,2.0,,Chembur,18,0,0,26154676.0
712.0,1.0,2.0,,Borivali,1,1,1,19566406.0
,,2.0,2001.0,Bandra,8,1,1,28314124.0
850.0,1.0,1.0,2002.0,Dadar,19,1,1,21593563.0
927.0,2.0,1.0,2006.0,Borivali,17,1,1,23274602.0
850.0,2.0,2.0,,Kurla,17,1,0,23165963.0
1463.0,2.0,1.0,2010.0,Mulund,11,0,1,27681847.0
997.0,1.0,1.0,1997.0,Andheri,2,0,0,19916093.0
736.0,2.0,3.0,1994.0,Vikhroli,6,1,1,21264418.0
1206.0,2.0,3.0,2015.0,Bandra,14,0,1,32110482.0
695.0,2.0,2.0,2005.0,Dadar,3,1,1,22365325.0
1052.0,4.0,3.0,2017.0,Ghatkopar,12,0,0,27357452.0
510.0,1.0,1.0,2018.0,Vikhroli,4,0,0,
668.0,2.0,3.0,2001.0,Bandra,12,0,0,21952904.0
1049.0,2.0,,2019.0,Ghatkopar,13,1,0,24280308.0
,2.0,3.0,2012.0,Dadar,2,0,0,28399667.0
1043.0,3.0,3.0,2005.0,Mulund,2,1,0,29562020.0
971.0,2.0,,2003.0,Borivali,15,1,0,23824292.0
925.0,4.0,3.0,,Borivali,17,1,0,29050195.0
630.0,1.0,2.0,1996.0,Vikhroli,7,1,1,19074209.0
820.0,,1.0,2018.0,Bandra,14,0,0,20258986.0
885.0,3.0,2.0,1992.0,Bandra,12,1,0,28147889.0
1264.0,2.0,2.0,2004.0,Dadar,17,0,1,26823141.0
1086.0,2.0,1.0,2008.0,Mulund,14,1,0,
559.0,1.0,2.0,2002.0,Bandra,6,0,1,18283938.0
1081.0,1.0,3.0,2010.0,Dadar,19,1,0,27326325.0
904.0,3.0,1.0,2016.0,Kurla,6,1,0,24015763.0
831.0,1.0,2.0,2018.0,Vikhroli,18,1,0,19647101.0
1153.0,2.0,3.0,2009.0,Kurla,5,1,0,27123699.0
1258.0,1.0,3.0,2014.0,Vikhroli,6,1,0,26338965.0
1233.0,2.0,3.0,1995.0,Ghatkopar,2,0,0,26664994.0
790.0,1.0,2.0,1991.0,Dadar,8,1,0,22422561.0
923.0,2.0,3.0,2011.0,Dadar,15,0,0,23512244.0
1083.0,1.0,2.0,2021.0,Chembur,15,1,0,23957201.0
1244.0,3.0,1.0,2005.0,Ghatkopar,11,1,0,30026584.0
,1.0,,2007.0,Dadar,1,1,0,23354985.0
954.0,2.0,2.0,1994.0,Bandra,18,1,0,29891667.0
723.0,3.0,1.0,2019.0,Vikhroli,12,1,0,21975869.0
701.0,2.0,2.0,2008.0,Kurla,12,1,0,20530518.0
1203.0,2.0,2.0,2012.0,Vikhroli,11,0,0,25047834.0
1339.0,2.0,1.0,2002.0,Borivali,8,1,1,30900249.0
982.0,2.0,2.0,2018.0,Chembur,7,1,0,26290365.0
1251.0,2.0,2.0,2011.0,Dadar,2,1,1,30359243.0
1090.0,4.0,2.0,1998.0,Mulund,11,1,1,31239085.0
839.0,2.0,1.0,2008.0,Andheri,10,0,0,20453305.0
1090.0,2.0,1.0,1995.0,Chembur,3,0,0,21655367.0
1385.0,3.0,2.0,,Dadar,20,1,1,36936838.0
991.0,2.0,3.0,2009.0,Kurla,10,0,1,23237176.0
1391.0,1.0,1.0,1998.0,Dadar,18,0,0,27005276.0
345.0,2.0,2.0,2021.0,Andheri,14,1,1,18193572.0
,,1.0,1993.0,Kurla,18,1,1,31997776.0
1022.0,1.0,2.0,2007.0,Vikhroli,8,1,0,23056119.0
925.0,2.0,3.0,1994.0,Kurla,10,0,1,23430242.0
1023.0,1.0,2.0,2009.0,Chembur,13,1,0,24095776.0
503.0,2.0,1.0,2012.0,Vikhroli,8,0,0,12295795.0
945.0,1.0,2.0,2000.0,Dadar,4,1,1,
1089.0,2.0,1.0,2011.0,Ghatkopar,4,0,1,
1369.0,3.0,2.0,1993.0,Dadar,5,1,0,35028838.0
870.0,2.0,,,Andheri,1,1,0,24790055.0
798.0,2.0,1.0,2002.0,Ghatkopar,17,1,0,20442031.0
875.0,3.0,1.0,1998.0,Dadar,2,1,1,27949801.0
1229.0,3.0,2.0,2020.0,Mulund,8,1,0,31543890.0
1082.0,1.0,3.0,1996.0,Chembur,7,0,1,22913226.0
868.0,2.0,3.0,1993.0,Mulund,15,1,1,24679086.0
1128.0,1.0,1.0,2008.0,Vikhroli,5,0,0,21094183.0
1024.0,4.0,2.0,2019.0,Borivali,2,1,0,28863476.0
1242.0,3.0,2.0,2020.0,Dadar,7,1,0,32840176.0
824.0,2.0,,,Bandra,8,0,0,22967324.0
918.0,3.0,,,Bandra,7,1,0,30791109.0
902.0,2.0,3.0,2008.0,Kurla,7,0,0,19291712.0
634.0,2.0,3.0,2020.0,Mulund,14,0,0,18025558.0
1074.0,1.0,2.0,2021.0,Chembur,18,1,0,24872821.0
1065.0,,2.0,1991.0,Dadar,6,1,0,28499953.0
,1.0,2.0,1999.0,Andheri,4,1,0,24872125.0
941.0,3.0,1.0,1991.0,Kurla,10,0,0,23233504.0
646.0,3.0,,1991.0,Vikhroli,18,0,0,
895.0,3.0,2.0,2013.0,Ghatkopar,12,1,0,23236957.0
914.0,1.0,2.0,2006.0,Vikhroli,16,0,0,17901946.0
799.0,,1.0,2021.0,Dadar,7,0,0,20337436.0
960.0,2.0,1.0,2005.0,Borivali,6,1,1,22275009.0
1101.0,2.0,3.0,2005.0,Ghatkopar,5,1,0,26513052.0
1472.0,1.0,1.0,2020.0,Mulund,3,1,0,30039577.0
1044.0,3.0,2.0,2013.0,Dadar,12,0,1,
1064.0,2.0,,1990.0,Borivali,15,0,0,22908707.0
981.0,2.0,1.0,,Mulund,10,0,0,18950105.0
520.0,2.0,1.0,2010.0,Borivali,20,1,1,17748391.0
993.0,2.0,1.0,1993.0,Mulund,19,0,1,23882177.0
1015.0,2.0,3.0,1996.0,Chembur,16,1,1,27128118.0
1616.0,2.0,1.0,2015.0,Bandra,11,1,1,39744810.0
,3.0,3.0,2001.0,Vikhroli,8,1,0,26824310.0
1075.0,2.0,2.0,2020.0,Chembur,3,1,0,27179129.0
991.0,4.0,2.0,2006.0,Ghatkopar,7,0,0,
708.0,3.0,2.0,2022.0,Kurla,7,0,0,20189836.0
,1.0,2.0,2000.0,Bandra,14,1,0,31168750.0
1188.0,3.0,2.0,2017.0,Chembur,2,0,1,28922063.0
1198.0,1.0,1.0,2021.0,Dadar,10,1,0,25788200.0
773.0,3.0,2.0,1990.0,Borivali,19,1,0,23888367.0
,2.0,3.0,2017.0,Ghatkopar,9,1,1,30903157.0
650.0,3.0,3.0,1996.0,Dadar,16,0,1,22309095.0
1147.0,3.0,3.0,1991.0,Bandra,19,1,0,36024293.0
,3.0,2.0,2013.0,Borivali,18,0,1,33121230.0
752.0,3.0,2.0,1993.0,Ghatkopar,9,1,1,25023690.0
858.0,2.0,2.0,2008.0,Kurla,16,1,0,26413430.0
1025.0,1.0,2.0,2015.0,Bandra,13,1,0,27916053.0
874.0,2.0,1.0,2000.0,Ghatkopar,10,1,0,
612.0,1.0,2.0,,Chembur,20,1,0,18926863.0
1017.0,2.0,,1992.0,Ghatkopar,14,1,0,24370104.0
734.0,2.0,2.0,2001.0,Bandra,12,1,1,27177896.0
1118.0,4.0,3.0,1992.0,Chembur,19,0,1,
,2.0,1.0,2016.0,Dadar,7,1,1,22167456.0
1387.0,3.0,1.0,1991.0,Bandra,15,1,1,35708677.0
804.0,1.0,1.0,2005.0,Andheri,16,0,1,19337242.0
919.0,3.0,3.0,1991.0,Kurla,8,0,0,24566434.0
,3.0,2.0,2019.0,Andheri,10,0,0,28565203.0
692.0,2.0,2.0,2009.0,Vikhroli,4,0,1,18286678.0
1057.0,2.0,3.0,2017.0,Borivali,19,1,0,27021890.0
1327.0,3.0,3.0,2014.0,Mulund,19,1,0,33144282.0
598.0,1.0,2.0,2021.0,Kurla,15,1,0,15646960.0
1046.0,,2.0,1999.0,Andheri,14,1,1,30512855.0
1065.0,2.0,2.0,2022.0,Mulund,1,1,0,
1195.0,1.0,2.0,2002.0,Kurla,16,0,1,26980288.0
691.0,2.0,1.0,2005.0,Mulund,10,1,0,
670.0,1.0,3.0,2011.0,Chembur,19,1,0,
1130.0,1.0,2.0,2009.0,Andheri,3,1,0,25210646.0
1074.0,1.0,,2016.0,Ghatkopar,5,0,1,19023165.0
1063.0,,,2005.0,Chembur,9,1,0,30757312.0
1087.0,2.0,1.0,2021.0,Kurla,18,0,1,22836885.0
830.0,4.0,1.0,,Kurla,11,1,0,25038713.0
1058.0,2.0,2.0,2014.0,Bandra,16,0,0,30106264.0
1073.0,2.0,1.0,1991.0,Andheri,2,1,0,28064876.0
821.0,2.0,2.0,,Vikhroli,12,0,0,18359344.0
1466.0,2.0,2.0,1998.0,Vikhroli,6,0,0,
1118.0,1.0,1.0,2001.0,Kurla,11,1,0,22880063.0
702.0,2.0,3.0,2015.0,Vikhroli,8,0,1,18892806.0
1164.0,1.0,1.0,1998.0,Borivali,12,1,0,23888736.0
756.0,2.0,2.0,1999.0,Bandra,2,1,0,23920954.0
1197.0,2.0,2.0,2021.0,Kurla,9,1,1,30314851.0
1290.0,,1.0,2009.0,Vikhroli,15,0,0,22848539.0
795.0,1.0,1.0,1991.0,Andheri,2,1,0,21353578.0
,3.0,2.0,1990.0,Ghatkopar,1,1,0,29888887.0
1103.0,2.0,3.0,2013.0,Chembur,10,1,0,29383477.0
1206.0,1.0,1.0,2016.0,Chembur,2,0,0,22382080.0
1474.0,4.0,2.0,1991.0,Borivali,12,1,1,35865014.0
939.0,1.0,2.0,2020.0,Mulund,8,1,0,21856413.0
,2.0,3.0,2003.0,Andheri,5,0,0,21645515.0
778.0,4.0,2.0,1991.0,Mulund,1,0,0,24464551.0
796.0,1.0,2.0,,Bandra,15,1,1,25716505.0
981.0,1.0,2.0,2004.0,Ghatkopar,6,1,0,22329633.0
1085.0,1.0,2.0,2001.0,Bandra,12,1,1,30537027.0
,2.0,3.0,2017.0,Kurla,8,1,1,28174930.0
1207.0,,1.0,2009.0,Andheri,13,0,1,26736676.0
1003.0,2.0,2.0,2013.0,Kurla,19,0,1,23322922.0
1363.0,1.0,3.0,2010.0,Dadar,1,1,0,29891360.0
934.0,2.0,3.0,1999.0,Vikhroli,11,1,1,
1680.0,4.0,3.0,2003.0,Chembur,20,1,0,43350047.0
1156.0,3.0,2.0,2007.0,Kurla,1,1,1,29960175.0
786.0,2.0,2.0,2013.0,Mulund,8,0,0,17915958.0
732.0,2.0,,2003.0,Dadar,5,1,1,23226827.0
1121.0,2.0,2.0,2001.0,Chembur,17,1,0,27294946.0
944.0,2.0,1.0,2011.0,Kurla,8,0,0,19850399.0
1179.0,2.0,2.0,1995.0,Dadar,10,1,1,30215753.0
1118.0,1.0,,2011.0,Dadar,2,0,0,24270985.0
982.0,3.0,,2003.0,Andheri,9,0,0,25081585.0
788.0,2.0,2.0,2005.0,Bandra,3,1,0,25078963.0
621.0,1.0,2.0,2014.0,Dadar,18,1,1,19620085.0
888.0,2.0,3.0,2021.0,Borivali,7,1,0,24706447.0
1214.0,2.0,1.0,2022.0,Bandra,15,0,0,26991659.0
1054.0,,1.0,2009.0,Chembur,20,0,0,24127318.0
689.0,3.0,2.0,2007.0,Chembur,18,0,0,
1043.0,3.0,1.0,1992.0,Chembur,3,0,1,23278330.0
1096.0,1.0,,2012.0,Chembur,14,0,1,23217482.0
779.0,2.0,2.0,2021.0,Borivali,2,1,0,20686735.0
1038.0,2.0,1.0,2005.0,Kurla,14,1,0,25767449.0
1015.0,1.0,2.0,1994.0,Ghatkopar,11,1,1,23734718.0
714.0,,2.0,1993.0,Dadar,16,1,0,23396691.0
1089.0,3.0,2.0,2010.0,Chembur,8,1,0,29183873.0
1140.0,1.0,3.0,2003.0,Bandra,7,0,0,29026451.0
1271.0,2.0,3.0,2020.0,Bandra,11,0,0,30197511.0
1263.0,1.0,2.0,2003.0,Dadar,3,1,0,29512127.0
656.0,1.0,2.0,1995.0,Kurla,17,1,0,17798873.0
766.0,1.0,2.0,2001.0,Ghatkopar,14,1,0,20943950.0
1129.0,4.0,3.0,2005.0,Kurla,6,1,0,33040235.0
1128.0,3.0,2.0,2006.0,Dadar,8,1,1,28298092.0
1129.0,4.0,2.0,2012.0,Mulund,5,1,0,31554168.0
1963.0,2.0,3.0,2003.0,Borivali,8,1,1,42042620.0
1143.0,1.0,1.0,1996.0,Dadar,2,0,0,23303593.0
1284.0,2.0,3.0,2021.0,Vikhroli,15,1,1,30413363.0
1239.0,2.0,1.0,2004.0,Andheri,12,1,1,31585343.0
1163.0,,2.0,2006.0,Andheri,17,0,1,30320074.0
921.0,1.0,2.0,1994.0,Kurla,1,1,1,22806409.0
1190.0,2.0,3.0,2016.0,Dadar,15,1,0,31528936.0
807.0,1.0,3.0,,Dadar,14,1,0,23851710.0
,2.0,2.0,2003.0,Andheri,20,1,0,
879.0,3.0,2.0,2004.0,Ghatkopar,16,0,0,22560419.0
1020.0,2.0,2.0,2022.0,Andheri,9,1,0,27781135.0
1579.0,2.0,3.0,2020.0,Dadar,1,1,1,36465647.0
533.0,2.0,2.0,2006.0,Ghatkopar,17,1,0,18031225.0
1172.0,2.0,,2017.0,Chembur,13,0,0,25865987.0
597.0,3.0,1.0,2008.0,Vikhroli,5,0,1,17053018.0
,3.0,2.0,2012.0,Mulund,10,1,0,26503037.0
1272.0,4.0,2.0,2021.0,Borivali,6,0,0,31029308.0
1016.0,3.0,2.0,2002.0,Chembur,19,0,1,25659423.0
731.0,2.0,1.0,2009.0,Bandra,13,1,0,25793330.0
821.0,2.0,,1994.0,Andheri,1,1,0,24256307.0
1170.0,2.0,1.0,1998.0,Vikhroli,20,1,1,
817.0,2.0,2.0,2018.0,Andheri,15,0,1,24271479.0
1054.0,3.0,3.0,1995.0,Andheri,14,1,1,
1011.0,1.0,2.0,2014.0,Chembur,8,1,0,23164502.0
837.0,3.0,1.0,2020.0,Mulund,10,0,1,21436317.0
1536.0,2.0,2.0,2011.0,Ghatkopar,9,0,0,30231857.0
1158.0,2.0,3.0,1991.0,Andheri,17,1,0,32864654.0
494.0,2.0,2.0,1994.0,Kurla,9,1,0,15677267.0
1047.0,3.0,3.0,2016.0,Dadar,3,1,0,29885242.0
835.0,2.0,1.0,2014.0,Vikhroli,11,0,0,18496928.0
1213.0,2.0,2.0,1997.0,Kurla,12,0,0,24878478.0
802.0,1.0,2.0,1990.0,Chembur,10,1,0,20619218.0
971.0,2.0,3.0,2009.0,Chembur,17,0,0,23232803.0
1126.0,1.0,1.0,2012.0,Mulund,17,1,1,26873155.0
1216.0,3.0,3.0,2021.0,Mulund,11,1,0,33112494.0
700.0,2.0,2.0,2000.0,Ghatkopar,4,0,0,17058135.0
916.0,2.0,2.0,2013.0,Dadar,7,1,0,24848855.0
881.0,1.0,1.0,2000.0,Vikhroli,14,1,0,19791963.0
837.0,1.0,3.0,2018.0,Dadar,7,1,0,
1441.0,3.0,1.0,2015.0,Bandra,8,0,0,35782831.0
1101.0,1.0,2.0,2005.0,Mulund,1,0,0,21281266.0
685.0,1.0,1.0,2009.0,Ghatkopar,4,1,1,16995568.0
1229.0,1.0,3.0,1992.0,Borivali,12,1,0,26727238.0
1531.0,4.0,2.0,1990.0,Andheri,3,0,0,36538470.0
1258.0,3.0,2.0,1990.0,Andheri,13,0,0,29472263.0
,2.0,1.0,2006.0,Borivali,20,0,0,15496294.0
879.0,2.0,2.0,1991.0,Dadar,6,1,0,24637883.0
1317.0,2.0,2.0,2018.0,Borivali,11,1,0,29013137.0
823.0,3.0,3.0,2009.0,Ghatkopar,4,1,0,23140594.0
1111.0,2.0,3.0,1995.0,Vikhroli,20,0,1,
1194.0,1.0,1.0,1997.0,Borivali,16,1,1,
768.0,1.0,2.0,2018.0,Ghatkopar,7,0,0,16091173.0
985.0,1.0,1.0,2022.0,Mulund,11,1,1,23359300.0
190.0,2.0,2.0,1992.0,Kurla,1,1,0,13213701.0
744.0,3.0,1.0,1994.0,Chembur,7,0,1,19492744.0
937.0,2.0,2.0,2016.0,Chembur,12,1,0,25763287.0
688.0,1.0,2.0,2001.0,Bandra,7,0,0,19079076.0
1408.0,1.0,2.0,,Dadar,7,0,1,26544453.0
642.0,4.0,2.0,2009.0,Vikhroli,10,1,1,
890.0,2.0,2.0,1998.0,Kurla,16,1,1,
1033.0,3.0,,1993.0,Kurla,8,1,0,28278115.0
1360.0,2.0,1.0,2008.0,Mulund,9,1,1,30623730.0
,2.0,2.0,2016.0,Borivali,9,1,1,21520771.0
1291.0,1.0,1.0,2002.0,Dadar,2,0,0,24447223.0
1003.0,1.0,2.0,2002.0,Andheri,13,0,0,23466189.0
755.0,2.0,2.0,2011.0,Kurla,13,1,0,19993398.0
1116.0,3.0,2.0,2017.0,Ghatkopar,4,0,1,
1050.0,2.0,1.0,2011.0,Andheri,12,1,0,27959036.0
850.0,2.0,2.0,2008.0,Bandra,17,0,0,25989282.0
1017.0,1.0,3.0,1997.0,Borivali,2,1,0,23912296.0
904.0,4.0,2.0,1997.0,Borivali,13,1,0,26852663.0
1028.0,,2.0,2015.0,Vikhroli,18,0,0,23989484.0
1166.0,2.0,2.0,2015.0,Kurla,15,0,0,24644685.0
1397.0,4.0,1.0,2012.0,Mulund,8,1,1,36458637.0
691.0,2.0,2.0,2002.0,Chembur,15,0,0,18062473.0
1533.0,2.0,2.0,,Ghatkopar,1,0,1,31532761.0
512.0,3.0,1.0,1998.0,Andheri,20,1,0,22082573.0
962.0,3.0,1.0,2009.0,Bandra,10,0,0,28503926.0
1147.0,2.0,,,Chembur,12,1,0,27355262.0
,1.0,2.0,2001.0,Borivali,5,1,0,23430404.0
844.0,2.0,3.0,2004.0,Andheri,9,0,0,24017672.0
948.0,3.0,1.0,2020.0,Dadar,8,1,1,26654737.0
877.0,1.0,2.0,,Kurla,16,1,0,
853.0,2.0,1.0,2000.0,Bandra,14,0,0,21584995.0
1212.0,2.0,3.0,2015.0,Dadar,13,1,0,29495675.0
1089.0,2.0,1.0,2016.0,Mulund,13,0,0,24838372.0
827.0,2.0,2.0,2000.0,Kurla,5,0,1,20917315.0
1225.0,3.0,2.0,2008.0,Andheri,16,0,0,28654298.0
1077.0,1.0,2.0,1995.0,Kurla,11,0,0,22419829.0
1203.0,1.0,2.0,2017.0,Chembur,5,0,0,23031302.0
1157.0,,2.0,,Vikhroli,13,1,0,25915951.0
793.0,3.0,2.0,1997.0,Chembur,11,1,0,25311014.0
860.0,2.0,1.0,1996.0,Mulund,19,1,0,24244991.0
1187.0,2.0,1.0,2000.0,Ghatkopar,3,1,0,25687270.0
1153.0,3.0,2.0,1993.0,Dadar,15,1,0,
995.0,3.0,1.0,2014.0,Chembur,7,1,0,23995957.0
1029.0,3.0,1.0,2001.0,Vikhroli,7,1,1,27043227.0
1319.0,3.0,2.0,,Ghatkopar,6,0,0,29230330.0
852.0,2.0,3.0,2001.0,Chembur,3,1,1,26071974.0
1137.0,3.0,2.0,2013.0,Borivali,13,0,1,28257399.0
949.0,2.0,1.0,2005.0,Vikhroli,7,0,0,20294806.0
946.0,3.0,1.0,2002.0,Dadar,5,1,0,26734781.0
1275.0,3.0,3.0,2014.0,Bandra,18,0,0,34003120.0
1206.0,3.0,1.0,1993.0,Ghatkopar,8,0,1,
1203.0,2.0,1.0,2000.0,Borivali,17,1,0,26130758.0
1326.0,1.0,2.0,2021.0,Bandra,20,1,0,31461535.0
1005.0,2.0,2.0,1996.0,Andheri,1,1,0,26026262.0
1170.0,4.0,2.0,2000.0,Vikhroli,14,1,1,32833624.0
922.0,3.0,1.0,2017.0,Borivali,17,0,0,20719575.0
1081.0,1.0,1.0,2012.0,Kurla,10,0,0,19771756.0
967.0,1.0,3.0,2012.0,Andheri,12,1,0,25393706.0
1024.0,1.0,1.0,2017.0,Andheri,16,0,0,22881821.0
1149.0,3.0,2.0,2015.0,Ghatkopar,14,1,0,30015095.0
795.0,3.0,2.0,2014.0,Vikhroli,16,0,1,22305486.0
1523.0,1.0,2.0,2018.0,Borivali,8,1,1,32046065.0
748.0,2.0,,,Mulund,10,1,1,23040790.0
696.0,,1.0,2022.0,Borivali,17,1,0,21316380.0
1290.0,3.0,2.0,2003.0,Chembur,18,1,0,32007501.0
1198.0,2.0,3.0,2003.0,Andheri,20,1,0,33306686.0
1156.0,2.0,3.0,2019.0,Dadar,16,0,0,24610872.0
1157.0,2.0,1.0,2017.0,Andheri,17,0,0,
997.0,2.0,1.0,2006.0,Andheri,16,0,0,23381217.0
776.0,2.0,3.0,1992.0,Kurla,19,1,0,23639951.0
1019.0,2.0,2.0,2005.0,Mulund,8,0,0,23640507.0
831.0,3.0,3.0,2019.0,Bandra,6,1,0,31581732.0
1244.0,2.0,1.0,2018.0,Bandra,6,0,1,29818289.0
963.0,3.0,,2004.0,Kurla,9,1,0,26480264.0
,1.0,2.0,,Andheri,4,1,1,23382610.0
920.0,2.0,2.0,2012.0,Bandra,12,0,1,25758879.0
1103.0,1.0,2.0,2014.0,Vikhroli,12,0,0,20470763.0
859.0,1.0,1.0,1996.0,Mulund,17,0,0,17368750.0
794.0,3.0,,2011.0,Bandra,15,1,0,29285372.0
1061.0,4.0,1.0,2006.0,Kurla,9,1,1,29752077.0
1061.0,1.0,2.0,2007.0,Chembur,7,0,0,22018435.0
873.0,,3.0,1999.0,Bandra,10,1,1,27486183.0
882.0,3.0,,1999.0,Mulund,16,0,0,22808405.0
,1.0,3.0,1996.0,Ghatkopar,12,1,1,25296553.0
,2.0,1.0,2016.0,Ghatkopar,7,1,1,18074876.0
648.0,3.0,2.0,2022.0,Vikhroli,18,1,0,22867213.0
820.0,2.0,3.0,1990.0,Borivali,15,0,0,21965646.0
947.0,1.0,1.0,1993.0,Borivali,6,1,0,21594959.0
1078.0,2.0,1.0,2006.0,Bandra,12,1,0,30653749.0
1369.0,3.0,2.0,,Dadar,11,0,0,31497477.0
1214.0,2.0,,2015.0,Chembur,20,0,1,27276451.0
960.0,1.0,2.0,1993.0,Kurla,3,1,0,20250568.0
995.0,3.0,3.0,1990.0,Chembur,2,1,1,29067049.0
749.0,1.0,2.0,1996.0,Ghatkopar,6,1,1,20273670.0
995.0,3.0,1.0,2019.0,Bandra,5,1,0,30666405.0
928.0,1.0,2.0,1998.0,Mulund,18,1,1,24841706.0
,,2.0,1997.0,Kurla,16,0,0,26522602.0
793.0,2.0,1.0,2013.0,Chembur,8,0,1,20302272.0
1130.0,,2.0,2008.0,Mulund,20,1,0,26734959.0
1383.0,1.0,2.0,2016.0,Kurla,11,1,0,28813300.0
973.0,2.0,2.0,2021.0,Chembur,10,1,0,25513037.0
1100.0,3.0,1.0,2003.0,Vikhroli,12,1,0,28362571.0
1173.0,4.0,2.0,2007.0,Ghatkopar,6,1,0,31979953.0
900.0,2.0,1.0,2017.0,Andheri,20,1,0,25560331.0
1056.0,2.0,1.0,2018.0,Kurla,5,1,0,22687962.0
1003.0,3.0,3.0,2005.0,Ghatkopar,9,1,1,29259834.0
1024.0,3.0,2.0,2020.0,Dadar,16,0,0,
807.0,2.0,1.0,1993.0,Bandra,14,1,0,26896806.0
1006.0,,1.0,2006.0,Mulund,8,0,0,22473494.0
1124.0,,1.0,2015.0,Kurla,20,1,1,26641977.0
1363.0,2.0,,1993.0,Bandra,19,1,1,35677174.0
1240.0,1.0,1.0,2019.0,Bandra,14,1,0,30861911.0
1538.0,2.0,1.0,2019.0,Andheri,7,1,0,34909184.0
,2.0,2.0,2011.0,Chembur,5,0,0,20149581.0
1218.0,3.0,2.0,2000.0,Kurla,18,0,0,28370155.0
1046.0,1.0,2.0,1991.0,Ghatkopar,2,1,1,
,2.0,2.0,2001.0,Borivali,11,1,0,32383620.0
798.0,,,2019.0,Kurla,8,0,1,18224190.0
790.0,,3.0,2007.0,Kurla,1,1,0,23322715.0
850.0,1.0,3.0,2015.0,Kurla,12,1,1,21186638.0
469.0,2.0,3.0,1996.0,Bandra,2,1,0,22519024.0
869.0,2.0,3.0,1990.0,Mulund,18,0,1,23081939.0
810.0,2.0,,2015.0,Bandra,7,1,1,26074497.0
1038.0,2.0,2.0,,Mulund,17,1,1,26673663.0
1085.0,2.0,1.0,2015.0,Borivali,14,1,0,26870975.0
1469.0,3.0,2.0,1995.0,Bandra,7,1,0,36647823.0
1238.0,2.0,2.0,1995.0,Mulund,3,1,0,28652592.0
856.0,3.0,2.0,1997.0,Bandra,6,1,0,27875095.0
775.0,2.0,2.0,2013.0,Dadar,20,0,0,19816054.0
1123.0,,1.0,2011.0,Bandra,2,0,0,26741319.0
670.0,1.0,2.0,2008.0,Borivali,17,0,0,15273444.0
1458.0,2.0,3.0,2007.0,Borivali,12,0,0,30226951.0
1295.0,3.0,2.0,2020.0,Mulund,12,1,0,31882535.0
883.0,3.0,2.0,2019.0,Mulund,17,1,0,24539867.0
572.0,3.0,1.0,2022.0,Borivali,10,1,0,
1338.0,2.0,2.0,1999.0,Borivali,3,0,0,27558430.0
971.0,2.0,3.0,2001.0,Andheri,20,1,0,
1309.0,1.0,2.0,2019.0,Kurla,18,0,0,24524712.0
601.0,2.0,2.0,2016.0,Vikhroli,13,0,1,17172948.0
850.0,2.0,2.0,1998.0,Bandra,12,0,1,25761598.0
1001.0,1.0,,2010.0,Chembur,17,1,1,25689489.0
1012.0,1.0,1.0,2001.0,Kurla,4,0,1,19190211.0
887.0,2.0,2.0,2018.0,Vikhroli,10,1,0,21779697.0
1156.0,3.0,2.0,2022.0,Andheri,11,0,0,28472953.0
733.0,4.0,2.0,2004.0,Chembur,6,1,0,26714049.0
964.0,3.0,2.0,1991.0,Mulund,6,1,0,27294377.0
1030.0,2.0,3.0,2007.0,Borivali,9,1,0,
1129.0,2.0,1.0,1992.0,Dadar,15,1,0,27204120.0
1178.0,2.0,3.0,1996.0,Ghatkopar,2,1,0,27483253.0
719.0,3.0,1.0,2007.0,Borivali,4,1,0,
616.0,1.0,2.0,2022.0,Dadar,5,1,1,20261772.0
,2.0,1.0,2020.0,Vikhroli,17,0,0,27215191.0
1083.0,3.0,2.0,2000.0,Mulund,8,0,0,25153213.0
813.0,2.0,2.0,1993.0,Chembur,8,0,0,22331231.0
,2.0,,2007.0,Vikhroli,12,1,0,29952404.0
,2.0,2.0,1993.0,Borivali,8,1,0,24588045.0
1295.0,1.0,3.0,2018.0,Borivali,19,1,1,31200669.0
1017.0,2.0,1.0,2013.0,Chembur,3,1,0,22766703.0
1515.0,,2.0,2011.0,Ghatkopar,18,1,0,33485034.0
1439.0,1.0,2.0,1991.0,Dadar,19,1,0,31142202.0
938.0,1.0,2.0,1995.0,Vikhroli,19,1,0,23788184.0
1243.0,3.0,,2014.0,Mulund,15,0,1,28909923.0
1161.0,2.0,1.0,2010.0,Borivali,6,1,0,26124102.0
1342.0,2.0,1.0,2005.0,Vikhroli,16,0,1,28012634.0
759.0,2.0,1.0,2020.0,Ghatkopar,8,1,1,20199418.0
1172.0,3.0,1.0,2003.0,Vikhroli,16,0,1,27746820.0
1265.0,2.0,2.0,2017.0,Chembur,18,1,0,28970414.0
560.0,2.0,3.0,2021.0,Mulund,20,1,0,20738497.0
704.0,3.0,3.0,2017.0,Andheri,16,0,0,23335614.0
490.0,3.0,2.0,1998.0,Chembur,11,0,0,
933.0,1.0,1.0,2011.0,Vikhroli,7,1,1,21893942.0
1179.0,3.0,1.0,2021.0,Andheri,17,1,1,32796987.0
1376.0,2.0,2.0,1994.0,Borivali,17,1,1,30945124.0
1019.0,,1.0,2012.0,Andheri,12,1,1,26762578.0
1407.0,1.0,2.0,1994.0,Ghatkopar,13,0,0,26457177.0
655.0,1.0,2.0,2021.0,Bandra,10,1,0,22667315.0
574.0,3.0,,1999.0,Ghatkopar,7,1,0,20446819.0
986.0,2.0,2.0,2004.0,Chembur,14,1,1,26808842.0
1096.0,2.0,3.0,1996.0,Bandra,1,0,1,28653437.0
992.0,3.0,2.0,2018.0,Chembur,17,1,0,30452181.0
483.0,3.0,2.0,,Mulund,4,1,1,19836669.0
978.0,1.0,3.0,2008.0,Kurla,5,1,1,23704887.0
674.0,2.0,3.0,1999.0,Borivali,20,1,1,22324427.0
1167.0,1.0,2.0,2017.0,Borivali,7,1,1,26014059.0
,3.0,2.0,2018.0,Vikhroli,10,1,0,28108487.0
765.0,2.0,2.0,2004.0,Dadar,17,0,0,22009276.0
872.0,4.0,3.0,1995.0,Chembur,7,1,0,27520252.0
735.0,1.0,3.0,2001.0,Kurla,1,1,0,19692437.0
984.0,1.0,1.0,2002.0,Kurla,7,0,0,17637327.0
1239.0,2.0,2.0,2018.0,Ghatkopar,11,0,0,25043975.0
754.0,2.0,2.0,2008.0,Ghatkopar,9,1,1,23846116.0
1126.0,1.0,2.0,1992.0,Dadar,12,0,0,23461445.0
867.0,3.0,1.0,1997.0,Vikhroli,3,1,1,
802.0,1.0,3.0,1997.0,Andheri,4,1,0,22030519.0
973.0,2.0,2.0,2009.0,Ghatkopar,4,0,0,20730378.0
741.0,3.0,3.0,1993.0,Vikhroli,13,0,0,22888122.0
862.0,2.0,3.0,2010.0,Mulund,19,1,0,25249362.0
,3.0,2.0,1992.0,Borivali,10,1,0,21765285.0
,,2.0,1997.0,Borivali,5,0,0,27195607.0
1009.0,,2.0,2012.0,Vikhroli,7,1,0,
825.0,1.0,1.0,2005.0,Dadar,16,1,0,20155560.0
1053.0,1.0,2.0,2002.0,Kurla,1,1,0,23066192.0
972.0,3.0,1.0,1992.0,Dadar,12,1,1,30124536.0
945.0,1.0,2.0,1998.0,Vikhroli,2,1,0,22017003.0
1154.0,2.0,1.0,2003.0,Chembur,7,1,0,25390958.0
1189.0,2.0,1.0,2002.0,Bandra,11,0,1,29685210.0
867.0,,1.0,1996.0,Borivali,13,1,0,23088088.0
856.0,3.0,1.0,2004.0,Vikhroli,2,1,1,
931.0,1.0,,1996.0,Kurla,7,0,1,
425.0,2.0,,2011.0,Bandra,15,1,1,
621.0,4.0,2.0,2013.0,Mulund,11,1,0,23799912.0
1342.0,2.0,1.0,1990.0,Ghatkopar,2,1,1,29257122.0
1411.0,3.0,1.0,1999.0,Chembur,7,1,1,32438942.0
,1.0,1.0,2005.0,Ghatkopar,4,0,0,18660566.0
1144.0,,1.0,,Bandra,11,1,0,30261531.0
1078.0,2.0,3.0,,Bandra,2,1,0,29009017.0
1770.0,3.0,1.0,2001.0,Ghatkopar,16,0,1,34057362.0
,4.0,2.0,2014.0,Kurla,7,1,0,32698419.0
,2.0,1.0,2006.0,Kurla,13,1,1,23727158.0
761.0,2.0,1.0,2015.0,Andheri,5,0,0,18669038.0
598.0,1.0,2.0,2003.0,Mulund,17,1,1,20964670.0
1051.0,2.0,2.0,2012.0,Kurla,12,0,0,23762523.0
811.0,2.0,1.0,1995.0,Mulund,19,0,0,16257655.0
644.0,4.0,1.0,1994.0,Mulund,7,0,0,19405678.0
838.0,2.0,2.0,2014.0,Bandra,6,0,0,23690507.0
730.0,2.0,1.0,2007.0,Mulund,8,1,0,
1422.0,1.0,1.0,2002.0,Chembur,13,0,0,26804386.0
1220.0,1.0,3.0,2003.0,Ghatkopar,5,1,0,24808611.0
998.0,1.0,2.0,2017.0,Andheri,2,0,1,24106947.0
1370.0,2.0,2.0,2007.0,Vikhroli,9,1,1,32881530.0
1019.0,3.0,,2017.0,Dadar,11,1,0,31127585.0
785.0,2.0,,2016.0,Andheri,6,1,0,22430671.0
1381.0,2.0,2.0,2021.0,Chembur,7,0,0,27174103.0
1135.0,1.0,2.0,1998.0,Andheri,7,1,1,28817672.0
741.0,3.0,2.0,2021.0,Mulund,19,0,0,22227680.0
952.0,,1.0,2009.0,Bandra,6,1,0,30248953.0
781.0,1.0,2.0,2017.0,Dadar,11,1,0,22284717.0
654.0,3.0,2.0,2022.0,Kurla,11,1,1,24526827.0
1232.0,2.0,3.0,1993.0,Bandra,7,1,0,33732250.0
1477.0,1.0,2.0,1992.0,Mulund,2,0,1,27732450.0
650.0,2.0,2.0,2015.0,Mulund,19,1,0,19251823.0
1141.0,2.0,1.0,,Dadar,4,1,0,26756895.0
837.0,,2.0,1995.0,Dadar,6,1,0,21430112.0
878.0,3.0,1.0,2005.0,Borivali,17,1,0,23290315.0
852.0,3.0,2.0,2013.0,Bandra,5,0,0,25891776.0
784.0,2.0,1.0,2019.0,Kurla,7,0,0,16807621.0
1012.0,2.0,2.0,2002.0,Andheri,9,1,0,28533332.0
792.0,2.0,1.0,1994.0,Mulund,1,1,0,21065824.0
1068.0,2.0,2.0,2014.0,Mulund,1,1,0,25520396.0
987.0,2.0,3.0,2009.0,Borivali,19,1,1,27203841.0
940.0,1.0,1.0,2007.0,Bandra,6,0,0,21134910.0
773.0,2.0,2.0,2007.0,Bandra,18,1,0,25331307.0
856.0,3.0,2.0,1991.0,Ghatkopar,10,1,0,23886145.0
1189.0,2.0,1.0,1999.0,Dadar,11,1,0,27953072.0
1125.0,1.0,2.0,2001.0,Kurla,1,1,0,24646202.0
756.0,3.0,1.0,2002.0,Dadar,1,0,0,20325156.0
1025.0,1.0,2.0,2000.0,Kurla,13,0,0,19276222.0
1188.0,2.0,2.0,2008.0,Chembur,5,1,0,28339271.0
583.0,1.0,2.0,2015.0,Vikhroli,20,0,1,14446945.0
1136.0,2.0,2.0,2003.0,Kurla,1,0,0,20281033.0
,3.0,1.0,2013.0,Dadar,20,1,0,28485586.0
,2.0,1.0,1990.0,Mulund,3,0,0,22166349.0
809.0,1.0,,2011.0,Dadar,18,1,0,21171848.0
549.0,3.0,2.0,2012.0,Kurla,9,1,1,20028564.0
593.0,3.0,3.0,2008.0,Bandra,14,1,0,25387507.0
1012.0,3.0,3.0,2007.0,Dadar,17,1,0,29681328.0
1065.0,1.0,3.0,2001.0,Borivali,14,1,0,26206813.0
774.0,2.0,2.0,2017.0,Ghatkopar,4,1,0,21055651.0
1160.0,,2.0,2017.0,Mulund,5,1,0,31266438.0
585.0,3.0,2.0,2022.0,Borivali,17,0,0,19215274.0
983.0,1.0,2.0,2008.0,Kurla,2,1,0,21970603.0
697.0,1.0,1.0,2017.0,Chembur,5,1,0,18166149.0
837.0,2.0,3.0,2015.0,Borivali,4,1,0,22153430.0
1012.0,3.0,3.0,,Vikhroli,4,0,0,26485134.0
785.0,2.0,2.0,2002.0,Chembur,6,1,0,23413510.0
904.0,2.0,1.0,2012.0,Andheri,20,0,1,23297013.0
1252.0,1.0,2.0,2011.0,Mulund,13,1,0,26910557.0
856.0,2.0,3.0,2005.0,Andheri,5,1,0,25878161.0
1209.0,3.0,3.0,2017.0,Dadar,7,0,0,29286617.0
718.0,2.0,1.0,1997.0,Kurla,20,1,0,18763180.0
1132.0,3.0,1.0,2011.0,Mulund,1,0,0,25992667.0
1360.0,4.0,3.0,2010.0,Bandra,14,1,1,40742862.0
382.0,1.0,2.0,2015.0,Chembur,4,0,1,
801.0,,,2010.0,Bandra,17,1,0,
1144.0,2.0,3.0,2014.0,Andheri,14,0,0,25248913.0
949.0,3.0,1.0,1990.0,Borivali,16,0,0,20823377.0
1093.0,2.0,2.0,1995.0,Borivali,14,1,0,24068945.0
849.0,2.0,1.0,2012.0,Kurla,16,0,1,18930952.0
1022.0,3.0,2.0,,Andheri,20,1,0,28586398.0
961.0,2.0,3.0,2012.0,Ghatkopar,8,0,0,
1292.0,3.0,2.0,2021.0,Mulund,3,1,0,31193915.0
,2.0,3.0,2019.0,Chembur,19,1,0,29110540.0
1084.0,1.0,2.0,2002.0,Borivali,1,1,1,24461900.0
897.0,2.0,2.0,2007.0,Borivali,2,1,0,22554691.0
878.0,3.0,1.0,2012.0,Bandra,15,1,0,30813207.0
892.0,2.0,2.0,2004.0,Bandra,10,0,0,24912823.0
1099.0,3.0,2.0,2022.0,Dadar,18,0,1,28294488.0
895.0,3.0,1.0,2010.0,Ghatkopar,14,1,1,24641559.0
1072.0,2.0,2.0,2012.0,Bandra,17,1,0,29644086.0
1519.0,4.0,2.0,2016.0,Bandra,13,1,0,42135501.0
1218.0,,2.0,2007.0,Mulund,1,0,0,23870696.0
918.0,1.0,2.0,2013.0,Bandra,5,0,0,24491579.0
1300.0,1.0,2.0,1996.0,Chembur,13,0,0,25858912.0
898.0,3.0,1.0,2009.0,Mulund,14,1,0,24636897.0
490.0,2.0,1.0,,Dadar,3,1,0,17941010.0
748.0,1.0,2.0,1995.0,Andheri,15,0,0,18609699.0
,2.0,2.0,2016.0,Mulund,19,1,1,
912.0,2.0,1.0,1998.0,Andheri,17,1,0,26614332.0
1005.0,1.0,3.0,2020.0,Borivali,3,1,0,23426444.0
1419.0,3.0,2.0,2010.0,Dadar,16,0,0,33712310.0
1082.0,3.0,2.0,2015.0,Dadar,14,1,0,31038347.0
945.0,2.0,,2002.0,Mulund,12,1,0,23582684.0
1207.0,4.0,2.0,2012.0,Vikhroli,12,1,1,33865743.0
447.0,2.0,2.0,2009.0,Dadar,11,1,0,18420497.0
1059.0,4.0,2.0,2017.0,Andheri,17,0,1,
1193.0,2.0,2.0,2006.0,Dadar,8,0,0,28038145.0
630.0,2.0,3.0,2017.0,Borivali,17,1,0,21157604.0
1286.0,1.0,2.0,1991.0,Chembur,20,0,0,24629032.0
1085.0,3.0,1.0,2014.0,Vikhroli,11,1,0,26307030.0
896.0,2.0,2.0,1995.0,Kurla,2,1,0,22072903.0
1158.0,1.0,2.0,2000.0,Dadar,10,1,1,28129505.0
1568.0,1.0,2.0,1995.0,Bandra,10,0,1,33398486.0
1045.0,2.0,1.0,2000.0,Mulund,11,0,1,23328294.0
1062.0,2.0,1.0,2003.0,Mulund,6,1,1,26966396.0
885.0,3.0,,1991.0,Mulund,4,0,1,26183714.0
788.0,3.0,2.0,1992.0,Ghatkopar,12,1,0,23291527.0
1208.0,1.0,3.0,2022.0,Vikhroli,11,1,0,25851449.0
786.0,3.0,2.0,2013.0,Vikhroli,13,1,0,25732402.0
1018.0,1.0,2.0,,Andheri,5,1,0,23912899.0
881.0,,2.0,2007.0,Dadar,6,0,1,22858571.0
1120.0,3.0,3.0,2013.0,Kurla,1,0,0,28316450.0
1083.0,2.0,2.0,1990.0,Mulund,6,1,0,27281232.0
1259.0,3.0,2.0,2014.0,Dadar,18,1,1,34179840.0
872.0,2.0,1.0,2014.0,Vikhroli,9,1,0,
933.0,2.0,2.0,2005.0,Borivali,15,1,0,23725796.0
755.0,3.0,2.0,2018.0,Mulund,8,1,1,24024174.0
889.0,2.0,1.0,2008.0,Dadar,19,0,1,21851957.0
1094.0,2.0,1.0,2012.0,Vikhroli,16,0,0,22652585.0
1189.0,2.0,2.0,2008.0,Chembur,6,1,1,28110550.0
769.0,3.0,1.0,2014.0,Vikhroli,6,0,1,19524771.0
1217.0,,1.0,2005.0,Bandra,3,1,1,30113082.0
,1.0,2.0,1998.0,Ghatkopar,10,1,1,28912927.0
1103.0,3.0,3.0,1990.0,Ghatkopar,1,1,0,28843101.0
1469.0,3.0,2.0,2008.0,Mulund,14,1,0,36363515.0
807.0,1.0,1.0,,Chembur,4,0,0,17170555.0
689.0,1.0,1.0,2005.0,Chembur,12,0,0,14698958.0
555.0,1.0,2.0,2007.0,Mulund,6,1,0,16264645.0
1374.0,2.0,2.0,2014.0,Dadar,11,1,0,32556822.0
1164.0,2.0,3.0,1995.0,Mulund,12,1,0,29007613.0
986.0,,2.0,2010.0,Kurla,10,1,0,27538286.0
1070.0,2.0,2.0,,Kurla,18,0,0,23847045.0
719.0,2.0,1.0,2021.0,Ghatkopar,7,1,1,20362356.0
1611.0,2.0,2.0,2020.0,Vikhroli,7,1,0,33549207.0
1032.0,3.0,1.0,1999.0,Mulund,11,0,0,23200438.0
1027.0,2.0,,2019.0,Mulund,4,1,0,25639729.0
1181.0,4.0,2.0,2007.0,Dadar,20,1,0,32472881.0
1120.0,2.0,2.0,,Andheri,1,1,1,31588464.0
1056.0,1.0,1.0,1998.0,Ghatkopar,13,0,0,19864710.0
802.0,2.0,1.0,2020.0,Ghatkopar,18,1,0,21244699.0
1118.0,2.0,2.0,2004.0,Ghatkopar,9,0,0,23034116.0
1471.0,2.0,1.0,1993.0,Vikhroli,9,0,0,28243879.0
,1.0,2.0,1998.0,Borivali,9,1,0,28843664.0
1398.0,1.0,1.0,1998.0,Andheri,10,1,0,
872.0,3.0,2.0,2015.0,Vikhroli,2,1,0,25621589.0
753.0,1.0,3.0,1993.0,Kurla,6,0,1,17508471.0
969.0,3.0,2.0,2006.0,Dadar,15,0,0,25110871.0
1014.0,2.0,2.0,2005.0,Kurla,3,1,0,24406622.0
1274.0,2.0,1.0,2004.0,Chembur,11,0,0,26077031.0
577.0,2.0,1.0,1994.0,Ghatkopar,6,0,0,15437591.0
,2.0,2.0,1994.0,Bandra,3,0,0,32029404.0
,2.0,2.0,2009.0,Ghatkopar,11,1,0,25936714.0
893.0,,2.0,2004.0,Ghatkopar,15,0,1,19166476.0
747.0,1.0,1.0,2007.0,Dadar,13,1,0,18888039.0
586.0,2.0,1.0,,Andheri,20,0,1,18982128.0
,2.0,1.0,2018.0,Kurla,10,0,0,24458858.0
1018.0,3.0,3.0,2002.0,Chembur,6,1,1,30182702.0
678.0,3.0,1.0,1993.0,Ghatkopar,15,0,0,18293220.0
676.0,3.0,2.0,1999.0,Mulund,18,1,1,23315566.0
916.0,3.0,1.0,2020.0,Borivali,18,0,0,22205736.0
,2.0,,1997.0,Mulund,7,1,1,33318371.0
935.0,2.0,2.0,,Mulund,15,0,1,23541108.0
624.0,,3.0,1998.0,Dadar,18,0,0,20520483.0
939.0,2.0,,2019.0,Bandra,18,1,0,30176006.0
932.0,2.0,2.0,2000.0,Bandra,20,1,1,31227111.0
326.0,1.0,3.0,2002.0,Kurla,9,0,0,10462109.0
986.0,2.0,,2002.0,Bandra,2,1,0,29030554.0
942.0,2.0,3.0,2001.0,Mulund,8,1,1,27104403.0
1174.0,3.0,3.0,1999.0,Dadar,20,1,0,32988959.0
1462.0,,1.0,1998.0,Chembur,2,1,0,30443024.0
1282.0,2.0,2.0,1996.0,Kurla,11,0,0,24910539.0
933.0,4.0,1.0,1991.0,Vikhroli,7,1,1,27836556.0
723.0,1.0,1.0,2012.0,Chembur,6,0,0,15116403.0
1643.0,2.0,3.0,2010.0,Andheri,10,0,0,33330924.0
1015.0,1.0,2.0,2012.0,Andheri,5,1,0,24677797.0
1003.0,3.0,2.0,2018.0,Andheri,11,1,1,31147610.0
994.0,,3.0,2003.0,Andheri,1,1,0,29608589.0
1050.0,2.0,3.0,2015.0,Dadar,2,1,0,29336104.0
964.0,3.0,3.0,1994.0,Chembur,1,1,0,25632763.0
857.0,2.0,,2020.0,Ghatkopar,19,0,1,21612992.0
863.0,3.0,1.0,2014.0,Borivali,2,1,1,24011097.0
992.0,3.0,2.0,2020.0,Kurla,20,0,0,24161579.0
864.0,3.0,1.0,2009.0,Vikhroli,4,1,0,22068806.0
,1.0,1.0,2006.0,Mulund,12,1,1,21225082.0
1027.0,4.0,2.0,1991.0,Andheri,20,0,0,27258238.0
936.0,3.0,2.0,2014.0,Vikhroli,18,1,0,27267904.0
1376.0,2.0,2.0,2002.0,Borivali,1,0,1,
337.0,3.0,2.0,2017.0,Vikhroli,1,0,1,13289294.0
1273.0,2.0,2.0,1995.0,Chembur,14,1,0,28823785.0
1312.0,3.0,1.0,1992.0,Vikhroli,4,0,0,26454050.0
482.0,1.0,1.0,,Andheri,5,1,0,17262076.0
914.0,3.0,2.0,2000.0,Borivali,11,1,0,26933957.0
907.0,2.0,2.0,2009.0,Mulund,13,1,1,24502406.0
648.0,1.0,2.0,1994.0,Ghatkopar,16,1,1,18683437.0
806.0,1.0,1.0,,Bandra,13,1,1,25079917.0
722.0,,3.0,2011.0,Andheri,2,1,0,21480688.0
1438.0,2.0,2.0,2008.0,Borivali,16,1,0,32070758.0
,2.0,2.0,2005.0,Chembur,6,1,0,29125921.0
,2.0,2.0,2013.0,Dadar,14,1,0,31116540.0
1180.0,2.0,3.0,1993.0,Borivali,1,0,1,24430184.0
718.0,,2.0,2004.0,Bandra,17,0,0,22579043.0
869.0,3.0,2.0,,Bandra,11,1,0,
1122.0,1.0,,2003.0,Kurla,19,1,0,25601722.0
694.0,3.0,2.0,2008.0,Ghatkopar,3,1,1,20941729.0
1178.0,3.0,2.0,1996.0,Bandra,11,1,1,34630449.0
940.0,2.0,,2019.0,Kurla,5,1,1,26619771.0
906.0,2.0,2.0,2008.0,Kurla,17,1,0,25301950.0
1178.0,3.0,1.0,2014.0,Kurla,7,1,0,28149538.0
1111.0,1.0,2.0,2005.0,Borivali,10,1,0,24840515.0
910.0,1.0,3.0,1997.0,Kurla,11,0,0,20353546.0
1290.0,1.0,3.0,2007.0,Andheri,3,1,0,31830338.0
730.0,3.0,2.0,2017.0,Andheri,20,1,0,24339418.0
1154.0,1.0,2.0,2005.0,Dadar,10,0,0,22561172.0
1148.0,2.0,1.0,2008.0,Bandra,10,1,0,28560245.0
923.0,4.0,3.0,2006.0,Ghatkopar,14,0,0,25196591.0
1082.0,3.0,3.0,,Kurla,12,1,0,30486306.0
687.0,,2.0,,Chembur,15,1,0,20725281.0
1231.0,1.0,3.0,2016.0,Chembur,10,1,0,27086811.0
954.0,3.0,2.0,1999.0,Bandra,10,1,0,30796636.0
869.0,2.0,2.0,2014.0,Dadar,19,1,0,25147369.0
1262.0,1.0,1.0,,Chembur,1,1,1,26182951.0
824.0,1.0,2.0,2013.0,Andheri,10,0,1,20253954.0
648.0,3.0,2.0,2007.0,Vikhroli,2,1,0,21410577.0
611.0,2.0,2.0,2012.0,Borivali,17,0,0,17050986.0
1152.0,,2.0,1995.0,Mulund,7,0,0,25701128.0
680.0,,3.0,2018.0,Chembur,7,0,1,21207024.0
1439.0,2.0,1.0,2014.0,Ghatkopar,20,1,1,33907555.0
480.0,2.0,2.0,2006.0,Kurla,9,1,0,17005974.0
1424.0,2.0,2.0,2013.0,Ghatkopar,2,1,0,31109434.0
1053.0,2.0,2.0,2000.0,Borivali,14,0,0,23313365.0
976.0,2.0,2.0,2015.0,Andheri,17,0,0,22623114.0
864.0,3.0,1.0,2017.0,Dadar,1,1,0,24931473.0
1100.0,2.0,1.0,1992.0,Borivali,9,1,0,23394284.0
991.0,3.0,2.0,,Mulund,20,1,0,27504223.0
,2.0,2.0,2003.0,Vikhroli,19,0,0,27863124.0
1029.0,2.0,1.0,2015.0,Chembur,4,0,1,
1038.0,2.0,2.0,2010.0,Dadar,8,1,1,26173581.0
909.0,2.0,2.0,2019.0,Dadar,13,1,0,27132686.0
986.0,3.0,2.0,1997.0,Chembur,4,0,0,23082943.0
1077.0,1.0,3.0,2009.0,Chembur,9,0,0,21466421.0
572.0,,1.0,2021.0,Chembur,9,1,0,20129032.0
663.0,1.0,1.0,2011.0,Chembur,18,1,0,17038530.0
1186.0,2.0,2.0,1996.0,Chembur,12,1,0,30264914.0
1043.0,2.0,2.0,1998.0,Dadar,10,0,1,25169091.0
954.0,2.0,2.0,1990.0,Bandra,11,0,0,26813957.0
1005.0,4.0,3.0,2018.0,Bandra,7,1,0,34561066.0
1087.0,2.0,3.0,1997.0,Ghatkopar,9,0,0,25074702.0
865.0,3.0,3.0,1993.0,Bandra,6,1,0,29056551.0
805.0,2.0,2.0,1992.0,Mulund,19,1,0,22101397.0
1049.0,2.0,2.0,1996.0,Bandra,16,0,1,26149489.0
755.0,1.0,2.0,2016.0,Dadar,15,1,1,22976781.0
1102.0,2.0,1.0,1990.0,Chembur,7,1,0,26469569.0
574.0,2.0,2.0,2016.0,Kurla,16,1,0,18132675.0
1257.0,2.0,1.0,2005.0,Kurla,5,1,1,26976098.0
1118.0,1.0,3.0,,Mulund,16,0,0,
1064.0,1.0,2.0,2012.0,Dadar,1,1,1,27575955.0
1246.0,2.0,2.0,2000.0,Andheri,19,1,0,
1416.0,4.0,2.0,,Borivali,5,1,0,34221554.0
1254.0,2.0,1.0,,Ghatkopar,7,0,0,23552926.0
,2.0,1.0,1994.0,Andheri,19,1,0,21009349.0
680.0,1.0,2.0,,Dadar,5,1,1,19650752.0
844.0,2.0,1.0,,Bandra,17,1,0,25828821.0
1007.0,2.0,2.0,2003.0,Chembur,8,1,0,26846735.0
1129.0,1.0,3.0,2020.0,Andheri,1,1,0,28592482.0
819.0,2.0,3.0,2020.0,Borivali,2,1,1,23422091.0
1047.0,1.0,,2006.0,Kurla,15,1,0,
,1.0,1.0,2013.0,Borivali,20,0,1,18930578.0
,1.0,3.0,2012.0,Chembur,18,1,0,21878630.0
648.0,1.0,,2007.0,Bandra,11,0,0,19899715.0
769.0,1.0,1.0,2003.0,Borivali,10,1,0,16729124.0
662.0,2.0,2.0,2004.0,Ghatkopar,4,0,0,17628867.0
756.0,3.0,1.0,2004.0,Borivali,5,1,0,21325114.0
1263.0,2.0,3.0,1995.0,Dadar,4,0,0,27165374.0
763.0,2.0,3.0,2016.0,Bandra,13,1,0,27686662.0
1658.0,2.0,1.0,,Chembur,13,1,0,33404485.0
1123.0,3.0,3.0,1997.0,Kurla,18,0,0,27920381.0
1046.0,2.0,2.0,2004.0,Kurla,2,1,0,25039457.0
785.0,1.0,3.0,1992.0,Borivali,16,1,1,20459701.0
1175.0,2.0,2.0,2002.0,Dadar,1,1,0,27474737.0
856.0,1.0,3.0,2013.0,Andheri,19,1,1,25005800.0
1031.0,2.0,1.0,2021.0,Andheri,9,0,0,23450956.0
1640.0,2.0,2.0,,Dadar,3,1,0,34531474.0
,3.0,,2019.0,Ghatkopar,7,0,0,22744516.0
1287.0,2.0,3.0,,Andheri,10,1,0,31370278.0
824.0,3.0,3.0,1990.0,Andheri,1,1,0,24714878.0
991.0,4.0,3.0,2004.0,Chembur,10,0,0,29594620.0
1443.0,1.0,3.0,2003.0,Chembur,9,1,0,31592928.0
843.0,2.0,1.0,2018.0,Bandra,15,0,0,25354492.0
,2.0,2.0,2007.0,Ghatkopar,15,1,1,31841341.0
1177.0,2.0,1.0,1996.0,Ghatkopar,3,0,1,24514795.0
859.0,2.0,1.0,2018.0,Bandra,5,1,0,26979609.0
1158.0,,1.0,2020.0,Ghatkopar,9,0,0,25100654.0
1243.0,3.0,,,Mulund,9,1,1,30560550.0
1155.0,2.0,1.0,2003.0,Vikhroli,7,1,1,26810519.0
607.0,2.0,1.0,1997.0,Chembur,12,0,0,16571397.0
818.0,3.0,1.0,2016.0,Bandra,9,1,0,28238220.0
938.0,4.0,1.0,1991.0,Bandra,6,1,1,32048371.0
981.0,3.0,3.0,2006.0,Ghatkopar,2,1,1,29042288.0
1155.0,1.0,2.0,2003.0,Andheri,9,1,0,28425086.0
,2.0,3.0,2014.0,Kurla,17,1,0,26696332.0
666.0,1.0,2.0,2019.0,Borivali,1,0,1,13879580.0
1095.0,2.0,1.0,2018.0,Borivali,19,0,1,
1153.0,1.0,2.0,2009.0,Bandra,6,1,1,29708362.0
1140.0,2.0,2.0,2010.0,Mulund,5,1,1,
1270.0,2.0,1.0,2011.0,Bandra,2,0,0,30375530.0
1208.0,1.0,1.0,2005.0,Chembur,9,0,1,24327492.0
1115.0,2.0,1.0,2006.0,Ghatkopar,14,1,0,
982.0,2.0,1.0,2005.0,Ghatkopar,4,1,1,
585.0,2.0,2.0,1991.0,Mulund,4,0,0,
1107.0,1.0,2.0,1993.0,Chembur,15,1,1,28231598.0
1052.0,2.0,1.0,2010.0,Kurla,8,1,0,24914322.0
1068.0,3.0,,2019.0,Andheri,4,1,0,31502053.0
,1.0,,1995.0,Chembur,16,0,0,16377569.0
730.0,1.0,1.0,2006.0,Dadar,4,1,0,18341166.0
1263.0,2.0,2.0,2014.0,Vikhroli,16,1,1,30904936.0
990.0,3.0,3.0,1994.0,Bandra,12,0,1,30214466.0
1170.0,2.0,1.0,1994.0,Dadar,16,1,0,27317093.0
1007.0,2.0,1.0,2009.0,Mulund,19,0,0,22534104.0
1007.0,2.0,2.0,2005.0,Dadar,8,0,1,24680542.0
1235.0,2.0,2.0,1998.0,Ghatkopar,6,1,1,28488723.0
871.0,1.0,2.0,1994.0,Andheri,10,1,1,24464052.0
1024.0,2.0,3.0,1991.0,Borivali,5,0,1,24449026.0
884.0,3.0,1.0,1998.0,Bandra,18,1,1,29301541.0
891.0,2.0,2.0,2011.0,Borivali,10,1,0,
923.0,3.0,2.0,2011.0,Ghatkopar,10,1,1,25857957.0
1056.0,,1.0,2011.0,Ghatkopar,7,1,0,25896176.0
880.0,1.0,2.0,2018.0,Bandra,18,0,1,25161587.0
1314.0,3.0,1.0,2022.0,Borivali,1,1,1,31763746.0
776.0,1.0,,2007.0,Chembur,7,1,0,18443162.0
953.0,,,1996.0,Ghatkopar,1,1,0,22200775.0
890.0,,2.0,1990.0,Borivali,15,1,0,21659697.0
1362.0,1.0,,2022.0,Kurla,4,0,0,25558866.0
1049.0,2.0,3.0,1990.0,Borivali,20,0,0,24423204.0
,2.0,1.0,2013.0,Kurla,10,1,1,29185982.0
629.0,2.0,2.0,1993.0,Kurla,9,1,0,19252402.0
1067.0,2.0,2.0,1993.0,Ghatkopar,2,1,0,25141838.0
1222.0,1.0,2.0,2007.0,Bandra,14,1,1,32961179.0
1021.0,1.0,2.0,2016.0,Mulund,16,0,1,22739940.0
1266.0,,2.0,2021.0,Ghatkopar,1,1,0,28924744.0
871.0,2.0,2.0,2022.0,Bandra,2,1,1,28243833.0
1352.0,3.0,3.0,2017.0,Bandra,7,0,0,34021181.0
1575.0,2.0,2.0,1995.0,Dadar,10,1,0,34538246.0
909.0,,2.0,2005.0,Vikhroli,20,1,0,27119671.0
889.0,2.0,,2012.0,Ghatkopar,1,1,0,24745502.0
1363.0,,3.0,2013.0,Bandra,13,0,0,32346428.0
1395.0,2.0,3.0,2002.0,Dadar,1,0,1,
869.0,2.0,,2007.0,Kurla,5,0,1,21423467.0
,2.0,1.0,2002.0,Mulund,16,1,0,23448184.0
,3.0,2.0,2006.0,Mulund,15,0,0,23955483.0
664.0,2.0,2.0,2004.0,Kurla,17,1,0,19307925.0
,3.0,2.0,2007.0,Borivali,16,1,1,23418516.0
,3.0,2.0,2012.0,Borivali,13,1,1,25345195.0
808.0,3.0,3.0,2019.0,Ghatkopar,11,1,0,26639025.0
,3.0,2.0,,Vikhroli,17,1,0,25533479.0
1059.0,2.0,3.0,1992.0,Dadar,17,1,0,28397240.0
1388.0,,2.0,1996.0,Mulund,2,1,0,
750.0,2.0,2.0,2007.0,Andheri,13,1,0,21536221.0
1246.0,2.0,2.0,1996.0,Andheri,14,1,0,30046662.0
947.0,2.0,2.0,,Chembur,11,1,0,24882803.0
988.0,3.0,1.0,2011.0,Bandra,10,0,0,
1169.0,2.0,1.0,1990.0,Kurla,3,1,0,26364144.0
719.0,2.0,3.0,1993.0,Bandra,17,1,0,27805482.0
1096.0,1.0,1.0,2018.0,Bandra,15,0,1,25287202.0
,2.0,2.0,2010.0,Dadar,9,0,1,25000273.0
1123.0,1.0,2.0,2015.0,Chembur,10,0,1,23420204.0
1072.0,3.0,2.0,2003.0,Vikhroli,8,1,1,29016365.0
1614.0,2.0,2.0,,Chembur,13,0,0,32115800.0
841.0,1.0,,2001.0,Mulund,18,1,0,22932198.0
867.0,1.0,2.0,1995.0,Dadar,5,0,1,21464577.0
844.0,2.0,2.0,2009.0,Bandra,6,0,0,22239064.0
861.0,2.0,2.0,,Vikhroli,17,1,0,22364865.0
841.0,2.0,1.0,2016.0,Bandra,11,0,0,22317143.0
1297.0,1.0,2.0,1997.0,Ghatkopar,20,1,0,26460725.0
1355.0,,1.0,1990.0,Ghatkopar,16,0,0,
857.0,2.0,1.0,2013.0,Borivali,9,1,0,21426634.0
792.0,2.0,1.0,1996.0,Chembur,2,0,1,18470312.0
1118.0,2.0,1.0,2008.0,Vikhroli,5,0,0,21579206.0
,2.0,3.0,2011.0,Ghatkopar,1,1,1,26380474.0
1158.0,1.0,1.0,2019.0,Borivali,4,1,0,23259122.0
1051.0,4.0,3.0,2018.0,Dadar,4,0,1,29471832.0
621.0,2.0,3.0,2011.0,Vikhroli,3,1,0,
1387.0,2.0,2.0,2000.0,Borivali,9,1,0,29978472.0
1449.0,1.0,1.0,,Kurla,12,0,0,24829326.0
847.0,2.0,2.0,2018.0,Vikhroli,10,0,0,19497060.0
903.0,1.0,2.0,1990.0,Borivali,2,1,0,22723733.0
1071.0,2.0,2.0,2020.0,Bandra,11,1,0,
1084.0,4.0,1.0,2019.0,Kurla,10,1,0,28608233.0
1165.0,2.0,2.0,2007.0,Ghatkopar,6,1,0,27535230.0
1503.0,1.0,3.0,2006.0,Andheri,18,1,1,34969086.0
956.0,1.0,2.0,2003.0,Borivali,2,0,1,22378994.0
800.0,2.0,1.0,,Dadar,2,0,0,18203103.0
655.0,1.0,2.0,,Borivali,10,0,0,16368731.0
817.0,1.0,1.0,2004.0,Andheri,16,1,1,24028390.0
992.0,3.0,1.0,2011.0,Kurla,12,1,0,25778655.0
1449.0,2.0,3.0,1992.0,Kurla,1,1,0,32271485.0
871.0,2.0,1.0,2008.0,Vikhroli,8,1,0,20885120.0
1056.0,3.0,1.0,,Dadar,16,1,0,27771558.0
996.0,1.0,1.0,2010.0,Dadar,18,1,0,23321554.0
1297.0,4.0,3.0,2018.0,Dadar,13,0,0,33212854.0
1632.0,2.0,2.0,1995.0,Andheri,15,1,0,35537320.0
867.0,3.0,2.0,1990.0,Dadar,12,1,0,26586485.0
878.0,2.0,2.0,1990.0,Mulund,8,0,1,21094132.0
1261.0,3.0,1.0,2016.0,Andheri,10,1,0,32743108.0
1170.0,4.0,2.0,2010.0,Kurla,14,1,0,32467307.0
1462.0,2.0,2.0,2005.0,Andheri,5,0,0,30774065.0
1146.0,4.0,1.0,2015.0,Bandra,18,0,0,32498198.0
,2.0,2.0,2005.0,Bandra,19,1,0,28332824.0
1148.0,2.0,3.0,2017.0,Dadar,15,1,0,30653473.0
1277.0,2.0,1.0,1990.0,Kurla,6,1,0,28241126.0
1205.0,,1.0,1999.0,Andheri,11,0,0,26566042.0
1127.0,1.0,1.0,2006.0,Andheri,11,0,0,23182554.0
1267.0,2.0,1.0,2012.0,Andheri,20,0,0,
1292.0,2.0,,1996.0,Mulund,20,0,1,29515185.0
1346.0,3.0,2.0,1996.0,Bandra,18,0,0,32498538.0
1162.0,3.0,2.0,2004.0,Andheri,18,1,0,31668049.0
,2.0,2.0,1993.0,Mulund,10,0,0,21341415.0
1037.0,2.0,1.0,2003.0,Bandra,2,1,0,28453877.0
1302.0,2.0,2.0,2003.0,Mulund,9,0,1,27956707.0
796.0,1.0,2.0,,Vikhroli,14,0,0,16115783.0
1092.0,1.0,2.0,1996.0,Bandra,19,1,0,28992002.0
902.0,2.0,3.0,2021.0,Ghatkopar,10,1,0,24195879.0
1007.0,2.0,2.0,2008.0,Vikhroli,4,1,0,25839744.0
1320.0,4.0,2.0,1991.0,Andheri,6,1,0,34784922.0
1048.0,2.0,3.0,1999.0,Kurla,14,0,0,
1012.0,2.0,,2006.0,Mulund,4,1,0,23524615.0
660.0,2.0,1.0,2001.0,Mulund,15,0,1,19292996.0
1187.0,1.0,1.0,1995.0,Mulund,16,1,0,26581614.0
1161.0,2.0,2.0,2011.0,Mulund,7,0,0,23002642.0
,2.0,,2021.0,Kurla,17,1,1,33948786.0
923.0,,2.0,2009.0,Borivali,19,0,1,22925923.0
1055.0,2.0,3.0,1990.0,Mulund,19,1,0,27902283.0
1062.0,,2.0,1995.0,Borivali,17,1,0,30325932.0
1394.0,3.0,,2008.0,Kurla,6,1,1,34050853.0
976.0,2.0,1.0,2007.0,Kurla,11,1,0,24781200.0
1070.0,2.0,1.0,1995.0,Vikhroli,16,1,0,25950977.0
1152.0,2.0,2.0,2022.0,Bandra,8,1,1,32379444.0
1047.0,1.0,2.0,2012.0,Ghatkopar,11,0,0,19445742.0
888.0,2.0,3.0,2012.0,Dadar,7,0,0,20869935.0
1049.0,1.0,1.0,2015.0,Ghatkopar,19,1,0,23001361.0
1268.0,2.0,1.0,2002.0,Dadar,10,1,0,27470098.0
743.0,2.0,2.0,1996.0,Kurla,9,0,1,19375997.0
1033.0,1.0,1.0,2004.0,Ghatkopar,4,0,0,18696968.0
825.0,4.0,1.0,2016.0,Chembur,15,1,1,29498911.0
1299.0,3.0,2.0,2015.0,Bandra,13,0,0,33398129.0
619.0,3.0,1.0,2022.0,Ghatkopar,2,1,0,19845775.0
860.0,2.0,2.0,2004.0,Bandra,2,0,0,22193830.0
1094.0,3.0,1.0,2016.0,Borivali,16,1,1,27277679.0
1391.0,1.0,1.0,1994.0,Bandra,9,0,1,30706354.0
984.0,,2.0,1991.0,Borivali,13,1,0,26176903.0
861.0,1.0,3.0,2022.0,Mulund,3,0,0,21590376.0
1470.0,3.0,2.0,2005.0,Borivali,9,1,0,33636949.0
638.0,2.0,2.0,2012.0,Vikhroli,13,1,1,20878922.0
450.0,3.0,1.0,2005.0,Mulund,2,0,0,
1110.0,3.0,,2003.0,Kurla,8,1,0,29597432.0
874.0,1.0,1.0,,Andheri,9,1,0,21584279.0
745.0,2.0,2.0,2015.0,Borivali,16,0,0,18819412.0
1177.0,4.0,2.0,,Borivali,2,1,0,31776793.0
1061.0,2.0,3.0,1992.0,Bandra,6,0,0,28000193.0
859.0,3.0,,2012.0,Kurla,8,1,1,27731971.0
,2.0,1.0,2018.0,Ghatkopar,5,0,0,15289297.0
1218.0,2.0,1.0,,Chembur,9,0,0,26885540.0
1163.0,2.0,3.0,2012.0,Dadar,1,0,0,25114054.0
975.0,1.0,2.0,,Borivali,9,1,0,23004028.0
1462.0,3.0,2.0,1992.0,Ghatkopar,10,1,1,34477587.0
732.0,2.0,1.0,2021.0,Chembur,4,1,0,19951867.0
619.0,2.0,2.0,2020.0,Dadar,3,0,0,15743721.0
827.0,2.0,1.0,2007.0,Andheri,10,0,0,20484331.0
989.0,2.0,3.0,,Bandra,15,1,0,29991185.0
1061.0,3.0,2.0,1990.0,Ghatkopar,11,1,0,27807906.0
940.0,4.0,3.0,2003.0,Bandra,14,0,0,31324815.0
1088.0,2.0,1.0,2021.0,Dadar,6,1,0,25791534.0
687.0,3.0,2.0,1995.0,Vikhroli,12,0,1,21983268.0
1361.0,3.0,2.0,1999.0,Borivali,13,1,0,31686465.0
979.0,2.0,2.0,1996.0,Mulund,17,1,0,25867194.0
1279.0,,3.0,2015.0,Chembur,16,1,1,
1086.0,1.0,3.0,2019.0,Kurla,3,1,0,25001290.0
1114.0,,3.0,2010.0,Borivali,2,0,0,22120057.0
1142.0,3.0,2.0,2006.0,Mulund,11,1,0,28569712.0
1112.0,2.0,,2022.0,Ghatkopar,9,1,0,25232434.0
1161.0,3.0,1.0,1999.0,Andheri,3,0,0,25985245.0
1332.0,3.0,3.0,2001.0,Borivali,18,1,0,32510730.0
1049.0,,1.0,2005.0,Bandra,20,1,1,28088333.0
1177.0,3.0,2.0,2021.0,Vikhroli,15,1,0,30830221.0
978.0,2.0,2.0,2004.0,Kurla,14,0,0,21648075.0
1360.0,2.0,2.0,2016.0,Bandra,2,1,0,33981918.0
831.0,2.0,3.0,2017.0,Mulund,17,1,0,
1450.0,3.0,2.0,2006.0,Borivali,8,0,0,30560853.0
990.0,1.0,2.0,1991.0,Vikhroli,10,1,0,22038959.0
642.0,2.0,1.0,1996.0,Borivali,18,1,0,19054228.0
1032.0,2.0,2.0,2002.0,Ghatkopar,19,1,1,26541353.0
830.0,3.0,1.0,,Andheri,8,0,0,22067337.0
1210.0,2.0,2.0,2014.0,Dadar,8,1,1,29964521.0
837.0,1.0,3.0,2012.0,Borivali,3,1,1,22944351.0
888.0,2.0,3.0,2011.0,Mulund,3,1,0,23884572.0
528.0,2.0,,2015.0,Bandra,12,1,1,22701125.0
887.0,3.0,2.0,2022.0,Ghatkopar,17,0,1,22362600.0
394.0,,3.0,2000.0,Mulund,4,0,0,14995305.0
,1.0,1.0,,Kurla,17,1,1,16887006.0
1190.0,4.0,1.0,2014.0,Dadar,14,0,0,29860289.0
1196.0,1.0,1.0,2013.0,Ghatkopar,19,1,0,25038432.0
1106.0,4.0,2.0,2022.0,Andheri,9,0,1,31418834.0
,2.0,1.0,2006.0,Dadar,12,1,0,22243440.0
988.0,3.0,3.0,2013.0,Mulund,5,0,0,24825337.0
999.0,2.0,2.0,,Kurla,11,1,0,23149035.0
710.0,1.0,2.0,2021.0,Chembur,20,0,1,19221015.0
1376.0,3.0,,2013.0,Andheri,3,0,1,31550097.0
1219.0,3.0,,1998.0,Vikhroli,15,0,0,27753006.0
945.0,3.0,2.0,1993.0,Chembur,14,1,1,28766719.0
1007.0,1.0,2.0,2006.0,Borivali,11,0,0,19427826.0
1052.0,3.0,2.0,2006.0,Kurla,20,0,0,25927135.0
490.0,3.0,2.0,2019.0,Bandra,8,0,0,19962398.0
938.0,2.0,3.0,2000.0,Vikhroli,4,1,1,26027543.0
830.0,,,2010.0,Mulund,12,0,0,22939703.0
750.0,3.0,2.0,2010.0,Kurla,8,0,0,19897505.0
,2.0,1.0,2007.0,Dadar,6,0,1,22136992.0
,1.0,,2018.0,Ghatkopar,15,1,1,28879807.0
1160.0,2.0,1.0,2013.0,Dadar,12,1,0,28209040.0
857.0,1.0,2.0,1999.0,Dadar,16,1,0,22827822.0
1143.0,,2.0,2006.0,Borivali,16,1,1,
1350.0,2.0,2.0,2007.0,Andheri,20,1,1,35592171.0
1231.0,1.0,3.0,2009.0,Bandra,20,0,0,29230026.0
1015.0,2.0,3.0,2007.0,Vikhroli,4,1,1,26838877.0
838.0,1.0,,2006.0,Andheri,11,1,1,23779731.0
1175.0,3.0,2.0,1998.0,Kurla,13,1,1,32397469.0
1098.0,,2.0,2003.0,Dadar,9,1,1,29221857.0
1224.0,1.0,1.0,2018.0,Borivali,4,1,0,25138564.0
1159.0,4.0,1.0,2020.0,Kurla,12,1,0,30140219.0
1262.0,2.0,1.0,1993.0,Ghatkopar,9,1,0,27642317.0
866.0,2.0,2.0,2007.0,Bandra,13,0,0,23171941.0
,1.0,2.0,2009.0,Vikhroli,16,0,1,27086663.0
1049.0,2.0,3.0,1998.0,Ghatkopar,6,0,1,23329820.0
1519.0,3.0,1.0,2002.0,Borivali,10,0,0,31641253.0
828.0,3.0,2.0,2004.0,Bandra,13,1,0,27952390.0
1434.0,,2.0,2016.0,Kurla,7,0,0,27565212.0
1049.0,1.0,1.0,2004.0,Dadar,19,0,0,20664035.0
837.0,2.0,2.0,2017.0,Dadar,19,1,0,23830390.0
,2.0,1.0,2008.0,Dadar,17,1,0,23883154.0
920.0,1.0,2.0,2015.0,Chembur,13,1,0,22022073.0
1106.0,2.0,2.0,2015.0,Dadar,13,0,0,24282624.0
1131.0,3.0,1.0,2014.0,Chembur,2,0,0,24638659.0
857.0,3.0,1.0,2015.0,Mulund,10,1,1,25593856.0
994.0,2.0,2.0,2015.0,Chembur,13,1,0,25979551.0
1536.0,3.0,3.0,2017.0,Bandra,9,0,0,37482631.0
1432.0,2.0,2.0,2007.0,Ghatkopar,1,1,0,30545367.0
1109.0,2.0,2.0,2021.0,Bandra,14,1,0,31863700.0
1010.0,1.0,2.0,,Ghatkopar,16,1,1,25190058.0
1030.0,2.0,3.0,1991.0,Mulund,20,1,0,27705617.0
1153.0,4.0,3.0,2022.0,Ghatkopar,15,0,1,30326028.0
744.0,2.0,2.0,2008.0,Ghatkopar,1,1,0,19339215.0
936.0,2.0,2.0,2006.0,Borivali,17,1,0,22142919.0
583.0,2.0,3.0,2022.0,Andheri,13,0,0,19320135.0
1100.0,1.0,2.0,,Andheri,15,1,1,26036809.0
1162.0,3.0,2.0,1992.0,Borivali,16,0,0,26120695.0
879.0,,1.0,2015.0,Dadar,16,1,1,26307623.0
1393.0,2.0,3.0,1997.0,Borivali,2,0,0,26981530.0
694.0,2.0,3.0,1996.0,Ghatkopar,17,1,0,20203893.0
634.0,2.0,1.0,2005.0,Ghatkopar,11,0,1,
1056.0,1.0,2.0,2013.0,Borivali,8,1,1,21734259.0
1262.0,2.0,2.0,1990.0,Borivali,20,1,0,29381808.0
1421.0,1.0,1.0,2014.0,Dadar,3,1,0,30843509.0
885.0,3.0,3.0,,Bandra,12,1,0,29762515.0
1270.0,3.0,1.0,2005.0,Mulund,20,1,0,29825760.0
,3.0,1.0,,Kurla,16,1,1,27860023.0
957.0,2.0,2.0,1997.0,Ghatkopar,14,0,0,20124256.0
1221.0,,2.0,2018.0,Mulund,16,0,0,26875819.0
1163.0,1.0,1.0,2017.0,Borivali,17,0,1,21545690.0
606.0,3.0,2.0,1995.0,Dadar,11,0,1,22128402.0
1369.0,2.0,2.0,2005.0,Chembur,17,1,0,32367306.0
1345.0,2.0,,2009.0,Dadar,19,0,1,29023044.0
844.0,,1.0,2005.0,Vikhroli,1,1,0,22840755.0
1099.0,1.0,2.0,1996.0,Vikhroli,12,1,0,25446544.0
1124.0,2.0,,2003.0,Mulund,15,1,1,27778617.0
1065.0,1.0,3.0,2015.0,Andheri,18,1,0,
862.0,3.0,3.0,2015.0,Vikhroli,14,1,0,25448506.0
,2.0,3.0,2003.0,Vikhroli,1,0,0,21015410.0
994.0,1.0,1.0,1996.0,Bandra,13,0,1,22989874.0
1293.0,2.0,3.0,2022.0,Chembur,15,1,0,
1136.0,1.0,2.0,2015.0,Bandra,7,1,0,
907.0,2.0,2.0,2009.0,Chembur,15,1,0,25117357.0
1193.0,3.0,1.0,1992.0,Kurla,20,1,0,30348612.0
288.0,1.0,1.0,1993.0,Ghatkopar,10,1,0,11984599.0
1287.0,3.0,2.0,2015.0,Vikhroli,14,1,1,31672181.0
565.0,1.0,2.0,2000.0,Ghatkopar,6,0,0,13433659.0
909.0,1.0,1.0,1991.0,Vikhroli,14,1,0,19715117.0
720.0,3.0,2.0,2003.0,Bandra,12,1,0,26989452.0
676.0,2.0,1.0,,Kurla,11,0,0,16970168.0
1290.0,1.0,2.0,2001.0,Bandra,20,0,1,31191375.0
883.0,2.0,2.0,2015.0,Bandra,19,1,0,25965603.0
1087.0,2.0,3.0,2022.0,Chembur,2,0,0,24993635.0
,3.0,,2002.0,Andheri,20,0,0,29017293.0
1119.0,2.0,2.0,2003.0,Dadar,1,1,0,27867219.0
1019.0,3.0,2.0,2013.0,Mulund,8,0,0,24667613.0
679.0,3.0,2.0,2015.0,Ghatkopar,14,1,1,22741993.0
1249.0,2.0,3.0,2010.0,Vikhroli,9,0,0,28035753.0
877.0,3.0,2.0,2017.0,Bandra,2,1,1,29678216.0
,2.0,1.0,1991.0,Andheri,5,1,0,19994851.0
893.0,4.0,1.0,1998.0,Bandra,8,1,0,30074787.0
1375.0,1.0,2.0,2012.0,Kurla,16,0,0,26223196.0
1213.0,2.0,2.0,2004.0,Chembur,16,1,1,31730652.0
913.0,2.0,3.0,2002.0,Dadar,13,1,0,25228893.0
913.0,2.0,1.0,2012.0,Kurla,20,1,0,23497553.0
920.0,,2.0,2006.0,Borivali,15,1,0,24171065.0
1519.0,3.0,3.0,1991.0,Bandra,1,1,1,39702668.0
1095.0,1.0,3.0,2009.0,Kurla,3,1,0,25175984.0
,1.0,2.0,2009.0,Dadar,6,0,0,24631340.0
1258.0,3.0,2.0,1992.0,Andheri,14,0,1,29491511.0
1060.0,2.0,,2001.0,Andheri,4,1,1,28458799.0
935.0,4.0,3.0,1991.0,Ghatkopar,18,0,0,26355560.0
951.0,3.0,1.0,2003.0,Dadar,15,1,0,26439057.0
982.0,4.0,3.0,2005.0,Andheri,9,1,0,
991.0,,2.0,2008.0,Kurla,18,1,0,27963691.0
1182.0,2.0,2.0,1995.0,Ghatkopar,3,0,1,24055631.0
1013.0,1.0,1.0,2002.0,Andheri,10,0,0,19148241.0
1183.0,3.0,2.0,2011.0,Chembur,17,1,1,32315276.0
980.0,2.0,2.0,2007.0,Borivali,7,1,0,23534381.0
1020.0,1.0,,2001.0,Dadar,15,1,0,25118899.0
500.0,2.0,,2019.0,Kurla,1,0,0,14035134.0
1229.0,4.0,3.0,1996.0,Vikhroli,11,0,1,30746648.0
1087.0,2.0,2.0,2021.0,Bandra,17,0,0,27549753.0
1250.0,2.0,2.0,2008.0,Kurla,5,1,0,29636509.0
276.0,2.0,1.0,1995.0,Andheri,7,0,0,12625583.0
1522.0,1.0,2.0,2009.0,Kurla,19,0,1,31195957.0
965.0,2.0,1.0,2016.0,Vikhroli,15,0,1,21539893.0
1277.0,2.0,2.0,1996.0,Bandra,3,0,0,30897279.0
740.0,1.0,3.0,,Ghatkopar,15,1,0,20939376.0
1153.0,3.0,2.0,2000.0,Andheri,5,1,1,32988813.0
737.0,2.0,1.0,2004.0,Mulund,12,0,1,17955142.0
,3.0,2.0,1992.0,Andheri,20,0,0,24823408.0
1479.0,3.0,2.0,1994.0,Borivali,5,0,0,30447758.0
952.0,1.0,2.0,2012.0,Mulund,3,0,0,19196484.0
1054.0,,3.0,1998.0,Borivali,9,0,0,22604190.0
1218.0,2.0,3.0,2004.0,Vikhroli,9,1,1,28009661.0
1124.0,3.0,2.0,1992.0,Dadar,7,0,0,28148376.0
1038.0,1.0,2.0,2018.0,Bandra,2,0,0,25051558.0
1091.0,2.0,1.0,1995.0,Chembur,16,0,0,22041802.0
1601.0,2.0,1.0,2006.0,Ghatkopar,9,1,1,34512710.0
986.0,2.0,2.0,2015.0,Chembur,13,1,0,
1050.0,1.0,2.0,2010.0,Vikhroli,19,1,0,24947667.0
1263.0,2.0,2.0,1997.0,Dadar,20,1,0,29793362.0
,,2.0,2010.0,Andheri,17,1,0,33128008.0
1297.0,2.0,1.0,2000.0,Kurla,6,0,0,24777124.0
1160.0,2.0,2.0,,Borivali,4,1,1,28601085.0
714.0,,1.0,2013.0,Vikhroli,1,0,0,16738960.0
1408.0,3.0,1.0,2003.0,Borivali,18,1,0,
713.0,1.0,3.0,2003.0,Andheri,19,1,0,20804115.0
1076.0,3.0,1.0,1999.0,Dadar,9,1,0,28297402.0
,2.0,2.0,2001.0,Bandra,13,1,0,24667245.0
984.0,,1.0,1999.0,Chembur,8,1,0,25016648.0
1082.0,1.0,3.0,2006.0,Andheri,13,1,0,28776895.0
1080.0,1.0,2.0,2006.0,Ghatkopar,15,1,0,25722106.0
1105.0,2.0,1.0,1992.0,Mulund,11,1,1,27003522.0
1403.0,2.0,,2020.0,Vikhroli,12,1,0,29301691.0
1113.0,3.0,2.0,1990.0,Chembur,14,1,0,29514851.0
939.0,,3.0,2001.0,Ghatkopar,4,1,0,23001790.0
1241.0,2.0,,1993.0,Bandra,1,0,1,28359854.0
1297.0,2.0,3.0,2002.0,Ghatkopar,4,0,0,26680021.0
693.0,,3.0,2010.0,Dadar,19,1,1,20937950.0
1149.0,1.0,3.0,2011.0,Mulund,9,1,0,
1175.0,,2.0,1993.0,Borivali,10,1,1,29137467.0
926.0,2.0,2.0,2007.0,Chembur,4,1,0,25110163.0
1344.0,2.0,2.0,1994.0,Mulund,20,1,0,29474780.0
962.0,2.0,2.0,2008.0,Kurla,9,0,0,20825015.0
1031.0,,2.0,1991.0,Andheri,13,0,0,24852092.0
957.0,1.0,2.0,2001.0,Kurla,12,0,1,20761524.0
1004.0,2.0,2.0,2006.0,Andheri,11,0,0,23777104.0
726.0,4.0,2.0,1999.0,Dadar,12,1,1,27726457.0
640.0,2.0,3.0,1995.0,Mulund,18,1,0,21184718.0
1399.0,2.0,1.0,1997.0,Bandra,12,1,0,31748370.0
788.0,2.0,3.0,2000.0,Ghatkopar,16,1,0,22318330.0
752.0,3.0,2.0,2001.0,Mulund,5,0,0,19709774.0
462.0,3.0,3.0,1998.0,Kurla,20,0,1,
840.0,2.0,2.0,1991.0,Vikhroli,12,1,0,23176059.0
669.0,4.0,2.0,1997.0,Andheri,11,0,0,21652897.0
1411.0,1.0,3.0,2000.0,Vikhroli,9,0,1,28423472.0
1252.0,1.0,,1999.0,Chembur,18,1,0,26866036.0
828.0,3.0,3.0,2010.0,Vikhroli,3,0,0,22166424.0
1563.0,3.0,2.0,2009.0,Mulund,20,1,0,35691173.0
1245.0,1.0,2.0,1997.0,Ghatkopar,17,0,0,23703170.0
919.0,2.0,2.0,2018.0,Chembur,14,0,0,23085327.0
375.0,1.0,2.0,2001.0,Bandra,1,0,0,14567186.0
1573.0,2.0,2.0,2003.0,Bandra,17,0,0,35202573.0
653.0,3.0,1.0,2010.0,Dadar,8,1,1,22585797.0
589.0,2.0,1.0,2011.0,Ghatkopar,5,1,0,18517256.0
1256.0,2.0,1.0,,Borivali,5,1,1,27079212.0
1610.0,2.0,3.0,2019.0,Vikhroli,9,1,0,34358030.0
1346.0,1.0,3.0,2009.0,Chembur,3,0,0,25361789.0
1141.0,2.0,,,Mulund,19,1,0,28165685.0
1149.0,2.0,2.0,2012.0,Mulund,9,0,0,25754748.0
1213.0,4.0,2.0,1996.0,Borivali,18,0,0,28896205.0
1190.0,3.0,2.0,1998.0,Dadar,16,1,1,31330594.0
1070.0,1.0,3.0,1990.0,Borivali,1,1,1,
1026.0,3.0,3.0,2015.0,Andheri,2,1,0,30861283.0
984.0,3.0,2.0,2011.0,Kurla,14,0,0,24417524.0
812.0,3.0,2.0,1999.0,Chembur,14,0,0,21949809.0
930.0,2.0,1.0,1995.0,Kurla,1,1,0,23189014.0
577.0,2.0,3.0,2006.0,Borivali,16,0,0,16946856.0
975.0,2.0,1.0,2013.0,Dadar,15,0,1,22793732.0
753.0,1.0,2.0,1999.0,Dadar,15,0,0,17491197.0
724.0,1.0,2.0,1997.0,Bandra,12,0,1,20180113.0
1045.0,1.0,2.0,2010.0,Bandra,16,0,0,24200435.0
1348.0,2.0,1.0,1995.0,Chembur,14,1,0,
1230.0,3.0,3.0,2010.0,Chembur,15,1,0,33724215.0
607.0,2.0,1.0,2013.0,Chembur,15,1,0,18220837.0
753.0,1.0,2.0,2022.0,Mulund,19,0,0,18071370.0
1235.0,4.0,1.0,2007.0,Bandra,8,0,0,31966065.0
754.0,3.0,2.0,2017.0,Mulund,2,1,1,22563397.0
,3.0,2.0,2021.0,Kurla,2,1,1,27586600.0
1138.0,4.0,2.0,,Borivali,10,1,0,32378768.0
758.0,2.0,1.0,2016.0,Vikhroli,3,1,1,20194265.0
1026.0,,1.0,1999.0,Bandra,17,0,0,28430129.0
666.0,1.0,2.0,2021.0,Vikhroli,8,1,1,19424915.0
850.0,2.0,2.0,,Dadar,4,1,0,22946826.0
1080.0,1.0,,2014.0,Bandra,14,0,0,27346647.0
602.0,,1.0,2000.0,Kurla,10,1,0,17251480.0
1110.0,1.0,2.0,2012.0,Bandra,1,1,0,28920617.0
995.0,2.0,1.0,2012.0,Mulund,4,0,0,21824768.0
1138.0,3.0,1.0,,Borivali,1,0,0,25286612.0
1056.0,2.0,2.0,2020.0,Ghatkopar,17,0,0,24149947.0
1341.0,1.0,2.0,1996.0,Borivali,17,1,0,28140211.0
